"","GCAM_region_ID","region","year","gcam-consumer","Y","Ps","Pn","Qs","Qn","Qm","Qtot","RBs","RBn","Y.region","Qs.region","Qn.region","Qtot.region","alpha.s","alpha.n","alpha.m","alpha.t","eta.s","eta.n","elast.ss","elast.nn","elast.sn","elast.ns","LL","iteration"
"1",2,"Africa_Eastern",2015,"FoodDemand_Group1",0.1681386293769,0.0369779,0.270179,0.59801715548585,0.512452562954973,0.000299152789636399,1.11046971844082,0.6,0.422612936552099,0.989942,1.40713417827578,0.764856403144116,2.1719905814199,0.131518965686452,0.823450991131344,0.0450300435093737,0.954969956817796,0.016935035068626,0.751824790313617,-0.0897889947410068,-0.770411757058427,0.529484054998414,0.0107781463697962,-1401.38207674293,193610
"2",2,"Africa_Eastern",2015,"FoodDemand_Group10",3.87301198767326,0.0369779,0.270179,1.44382325674081,1.35693912576163,0.136433342165251,2.80076238250245,0.415705155328501,0.422612936552099,0.989942,1.40713417827578,0.764856403144116,2.1719905814199,0.0137850211089872,0.094659261893842,0.891555716997171,0.108444283002829,-0.045771885722716,0.280888024004446,-0.0869307500340315,-0.177909541344645,0.54776195932852,0.105785317829114,-1401.38207674293,193610
"3",2,"Africa_Eastern",2015,"FoodDemand_Group2",0.28073436517256,0.0369779,0.270179,1.06766824186256,0.566282664937438,0.00348714608913058,1.6339509068,0.415705155328501,0.422612936552099,0.989942,1.40713417827578,0.764856403144116,2.1719905814199,0.140631623629781,0.54499093488558,0.314377441847596,0.685622558515361,-0.0947036204532885,0.685388824191863,-0.0742433925369528,-0.524851584374016,0.595041841058405,0.0132700220054686,-1401.38207674293,193610
"4",2,"Africa_Eastern",2015,"FoodDemand_Group3",0.35507700968972,0.0369779,0.270179,1.32085724742032,0.5988166248285,0.00570730562576221,1.91967387224882,0.415705155328501,0.422612936552099,0.989942,1.40713417827578,0.764856403144116,2.1719905814199,0.137554744358358,0.455641093238207,0.406804162643536,0.593195837596566,-0.112864815944775,0.651824282855329,-0.0720366255405806,-0.448318817156977,0.594855074535724,0.0199958425745421,-1401.38207674293,193610
"5",2,"Africa_Eastern",2015,"FoodDemand_Group4",0.44070926955632,0.0369779,0.270179,1.48981839976657,0.633586052190387,0.00847273167136736,2.12340445195696,0.415705155328501,0.422612936552099,0.989942,1.40713417827578,0.764856403144116,2.1719905814199,0.125003851039257,0.388423066676877,0.486573082460298,0.513426917716134,-0.119083174211816,0.619504656776605,-0.0726758610744615,-0.391950786923339,0.589683878127488,0.0322168973354481,-1401.38207674293,193610
"6",2,"Africa_Eastern",2015,"FoodDemand_Group5",0.5289344746041,0.0369779,0.270179,1.58606263655026,0.667069668933623,0.0114605781746985,2.25313230548388,0.415705155328501,0.422612936552099,0.989942,1.40713417827578,0.764856403144116,2.1719905814199,0.110881911587682,0.340738266714565,0.548379821849,0.451620178302247,-0.119029450500921,0.591301825086569,-0.0743635034381438,-0.35280004730272,0.583987115062189,0.0440926884783931,-1401.38207674293,193610
"7",2,"Africa_Eastern",2015,"FoodDemand_Group6",0.6367626200295,0.0369779,0.270179,1.64485647651927,0.705420437289006,0.0152257249471146,2.35027691380828,0.415705155328501,0.422612936552099,0.989942,1.40713417827578,0.764856403144116,2.1719905814199,0.095519643254695,0.299310578748306,0.605169777997112,0.394830222003001,-0.115603226197103,0.561953984686787,-0.0765193375194782,-0.319519660704083,0.578030494948744,0.0559797210264408,-1401.38207674293,193610
"8",2,"Africa_Eastern",2015,"FoodDemand_Group7",0.81730496528148,0.0369779,0.270179,1.67180546294173,0.764573850077273,0.0216883718510612,2.43637931301901,0.415705155328501,0.422612936552099,0.989942,1.40713417827578,0.764856403144116,2.1719905814199,0.075638663478614,0.252747514104348,0.671613822417307,0.328386177582962,-0.10760293185707,0.521726822965563,-0.0794227744928682,-0.283186045863669,0.570625599947732,0.0701946455792183,-1401.38207674293,193610
"9",2,"Africa_Eastern",2015,"FoodDemand_Group8",1.12724551008468,0.0369779,0.270179,1.65458345227304,0.854832912675445,0.0329962098393891,2.50941636494848,0.415705155328501,0.422612936552099,0.989942,1.40713417827578,0.764856403144116,2.1719905814199,0.0542765714235715,0.204886956255331,0.740836472321278,0.259163527678903,-0.0943944167597616,0.469384247539494,-0.0824383111416697,-0.24749159811013,0.562769411147923,0.0841807975326003,-1401.38207674293,193610
"10",2,"Africa_Eastern",2015,"FoodDemand_Group9",1.67150114873264,0.0369779,0.270179,1.59384945319737,0.988590131792886,0.0531614046787476,2.58243958499026,0.415705155328501,0.422612936552099,0.989942,1.40713417827578,0.764856403144116,2.1719905814199,0.0352600449842299,0.159794262433014,0.804945692582825,0.195054307417244,-0.077191396163168,0.405905338107158,-0.0848399443438085,-0.216182232438021,0.555763968626586,0.0953451246882796,-1401.38207674293,193610
"11",3,"Africa_Northern",2015,"FoodDemand_Group1",1.4231128508048,0.0261315,0.304967,2.24765382621148,0.76333256686433,0.0447106674568759,3.01098639307581,0.130034989494848,0.28457011939842,4.86677,2.06113565765838,1.19420635240602,3.2553420100644,0.0412718969568935,0.163578905781081,0.79514919796157,0.204850802737974,-0.0841733955325917,0.431630361998278,-0.0840877207379843,-0.221926510635134,0.193145309989367,0.0918431613454174,-1401.38207674293,193610
"12",3,"Africa_Northern",2015,"FoodDemand_Group10",13.6272583724201,0.0261315,0.304967,1.90322526207615,1.80082540167852,0.514768545825228,3.70405066375467,0.130034989494848,0.28457011939842,4.86677,2.06113565765838,1.19420635240602,3.2553420100644,0.00364960651488035,0.0403010132533242,0.956049380231772,0.0439506197682046,-0.0183096328095474,0.140848552904269,-0.0874948934897305,-0.15699722771487,0.180114214806788,0.109143323372986,-1401.38207674293,193610
"13",3,"Africa_Northern",2015,"FoodDemand_Group2",2.1336953868625,0.0261315,0.304967,2.16486180845961,0.907776275340445,0.0711318077156326,3.07263808380006,0.130034989494848,0.28457011939842,4.86677,2.06113565765838,1.19420635240602,3.2553420100644,0.0265131972248336,0.129747577404286,0.843739225494704,0.15626077462912,-0.0670401836216787,0.367707485731202,-0.0857842668345667,-0.199030043784609,0.188074619465918,0.099908264079038,-1401.38207674293,193610
"14",3,"Africa_Northern",2015,"FoodDemand_Group3",2.6284645113446,0.0261315,0.304967,2.12157400753431,0.992091192505789,0.0897095885360188,3.1136652000401,0.130034989494848,0.28457011939842,4.86677,2.06113565765838,1.19420635240602,3.2553420100644,0.021092128512962,0.115107156060266,0.863800715460426,0.136199284573228,-0.0589765190659279,0.33614941818907,-0.0863177761255316,-0.190014091856621,0.18616493743628,0.102567258441276,-1401.38207674293,193610
"15",3,"Africa_Northern",2015,"FoodDemand_Group4",3.0099155684759,0.0261315,0.304967,2.09448693312846,1.05024713371584,0.10410848645343,3.1447340668443,0.130034989494848,0.28457011939842,4.86677,2.06113565765838,1.19420635240602,3.2553420100644,0.0181839271155535,0.106411861177857,0.875404211716522,0.124595788293411,-0.0540874391287759,0.316286585800877,-0.0865781943939327,-0.184977532578225,0.185131863116304,0.103906032945447,-1401.38207674293,193610
"16",3,"Africa_Northern",2015,"FoodDemand_Group5",3.4751310374622,0.0261315,0.304967,2.0677312823584,1.11460032328212,0.121742022274566,3.18233160564052,0.130034989494848,0.28457011939842,4.86677,2.06113565765838,1.19420635240602,3.2553420100644,0.0155484554172099,0.0978139566897697,0.886637587892796,0.11336241210698,-0.0492214112845159,0.295845928731885,-0.0867963995259878,-0.180258749177389,0.18419085904386,0.105057417936026,-1401.38207674293,193610
"17",3,"Africa_Northern",2015,"FoodDemand_Group6",3.9755683429602,0.0261315,0.304967,2.04573664152578,1.17711445246938,0.140784469033889,3.22285109399516,0.130034989494848,0.28457011939842,4.86677,2.06113565765838,1.19420635240602,3.2553420100644,0.0134466728870825,0.0902967908629039,0.896256536249819,0.103743463749986,-0.0449685926396134,0.277343549271451,-0.0869570384895,-0.176364120783304,0.183436837657245,0.105928017184881,-1401.38207674293,193610
"18",3,"Africa_Northern",2015,"FoodDemand_Group7",4.6418857078276,0.0261315,0.304967,2.02194601416004,1.25150775333747,0.166239794738165,3.27345376749751,0.130034989494848,0.28457011939842,4.86677,2.06113565765838,1.19420635240602,3.2553420100644,0.0113825470066876,0.082222740721022,0.90639471227213,0.0936052877277096,-0.0404303181497327,0.256842381632368,-0.0871015164480826,-0.172439172868692,0.182700609618761,0.106733844687037,-1401.38207674293,193610
"19",3,"Africa_Northern",2015,"FoodDemand_Group8",5.7471861647043,0.0261315,0.304967,1.99201357605913,1.35748821962731,0.208665713401942,3.34950179568645,0.130034989494848,0.28457011939842,4.86677,2.06113565765838,1.19420635240602,3.2553420100644,0.00905735455073161,0.0720333565000685,0.918909288949082,0.0810907110508001,-0.0347886702688451,0.23008712262348,-0.0872466231239439,-0.167894836047576,0.181882262739906,0.107573384522118,-1401.38207674293,193610
"20",3,"Africa_Northern",2015,"FoodDemand_Group9",8.0054821058055,0.0261315,0.304967,1.95212722507042,1.52708020523899,0.295891956530626,3.47920743030941,0.130034989494848,0.28457011939842,4.86677,2.06113565765838,1.19420635240602,3.2553420100644,0.00637213498296777,0.0581737692740393,0.935454095742925,0.0645459042570071,-0.0273520643325408,0.19220216300158,-0.0873874253989275,-0.162502012601989,0.180967490731917,0.108432627042613,-1401.38207674293,193610
"21",28,"South Korea",2015,"FoodDemand_Group1",7.257971022808,0.102396,0.824026,1.50665150977018,1.16418472495497,0.242773385374954,2.67083623472515,-0.42567289220374,0.0543332364842559,22.8184,1.3640503160493,1.69568424689821,3.05973456294751,0.0212559526786307,0.132174471215807,0.846569576172083,0.153430423894438,-0.0293936029664564,0.202938569587333,-0.0869369274112078,-0.178144186442062,0.148824126490897,0.10534371253746,-1401.38207674293,193610
"22",28,"South Korea",2015,"FoodDemand_Group10",54.010205608216,0.102396,0.824026,1.30491505329662,2.15567845592446,2.05855756080486,3.46059350922108,-0.42567289220374,0.0543332364842559,22.8184,1.3640503160493,1.69568424689821,3.05973456294751,0.00247394136520442,0.0328888785983688,0.964637180036426,0.0353628199635732,-0.00608369252102382,0.056524231313448,-0.0875466657463363,-0.153179906899098,0.145139128386432,0.109517527535294,-1401.38207674293,193610
"23",28,"South Korea",2015,"FoodDemand_Group2",11.374499374568,0.102396,0.824026,1.39926117887616,1.41521301876393,0.39768485408497,2.81447419764009,-0.42567289220374,0.0543332364842559,22.8184,1.3640503160493,1.69568424689821,3.05973456294751,0.0125964882454842,0.102525156027225,0.884878355736698,0.115121644272709,-0.0210237507823087,0.156994222344575,-0.0872968910153119,-0.167416745458814,0.147094505890912,0.107679789292905,-1401.38207674293,193610
"24",28,"South Korea",2015,"FoodDemand_Group3",13.948144496528,0.102396,0.824026,1.37604201023895,1.52768653166103,0.49580533014117,2.90372854189999,-0.42567289220374,0.0543332364842559,22.8184,1.3640503160493,1.69568424689821,3.05973456294751,0.0101017879270975,0.0902523932308738,0.899645818842257,0.100354181157971,-0.0179842189111619,0.138864181801501,-0.0873800436794422,-0.163853713059197,0.146562161358799,0.108254588654048,-1401.38207674293,193610
"25",28,"South Korea",2015,"FoodDemand_Group4",16.237520501312,0.102396,0.824026,1.36377136815507,1.60968479735442,0.583641847456801,2.97345616550948,-0.42567289220374,0.0543332364842559,22.8184,1.3640503160493,1.69568424689821,3.05973456294751,0.00860012666357055,0.0816887113225047,0.909711162013934,0.0902888379860753,-0.0159859922389381,0.126430540680186,-0.0874242348868196,-0.161648836257536,0.146244917666889,0.108570046505284,-1401.38207674293,193610
"26",28,"South Korea",2015,"FoodDemand_Group5",18.527276204272,0.102396,0.824026,1.35423013052088,1.67916479858675,0.671889900181281,3.03339492910763,-0.42567289220374,0.0543332364842559,22.8184,1.3640503160493,1.69568424689821,3.05973456294751,0.00748451887454672,0.074683155638419,0.917832325487,0.0821676745129657,-0.0144191470801592,0.116359787264852,-0.087453796066441,-0.160011004419918,0.146015909967239,0.108786468145255,-1401.38207674293,193610
"27",28,"South Korea",2015,"FoodDemand_Group6",21.033661582208,0.102396,0.824026,1.34593970389544,1.74421021872071,0.768836632471083,3.09014992261616,-0.42567289220374,0.0543332364842559,22.8184,1.3640503160493,1.69568424689821,3.05973456294751,0.00655229910310312,0.0683321144097217,0.92511558648714,0.0748844135128248,-0.0130473151756777,0.107286933206895,-0.0874762265333938,-0.158652031312126,0.145830593195003,0.108954389093051,-1401.38207674293,193610
"28",28,"South Korea",2015,"FoodDemand_Group7",24.006861451848,0.102396,0.824026,1.33814387420477,1.80988153881978,0.884205512145312,3.14802541302456,-0.42567289220374,0.0543332364842559,22.8184,1.3640503160493,1.69568424689821,3.05973456294751,0.00570755908338543,0.0621234661556337,0.932168974760954,0.0678310252390191,-0.0117476607316301,0.0984504128297422,-0.0874946659771999,-0.157436969207001,0.145668847965548,0.109095453621268,-1401.38207674293,193610
"29",28,"South Korea",2015,"FoodDemand_Group8",27.892103870312,0.102396,0.824026,1.33024276019415,1.88150911539187,1.03541703293631,3.21175187558602,-0.42567289220374,0.0543332364842559,22.8184,1.3640503160493,1.69568424689821,3.05973456294751,0.0048835160770293,0.0555860697180921,0.939530414204862,0.0604695857951214,-0.0104200637282537,0.089157981658279,-0.0875108298961767,-0.156276830101945,0.145518252950544,0.109221960732453,-1401.38207674293,193610
"30",28,"South Korea",2015,"FoodDemand_Group9",33.895756116112,0.102396,0.824026,1.32130557134072,1.96962926880419,1.26979725862192,3.29093484014491,-0.42567289220374,0.0543332364842559,22.8184,1.3640503160493,1.69568424689821,3.05973456294751,0.00399154409830946,0.047882859502989,0.948125596398693,0.0518744036012985,-0.00890468591769433,0.0781854678170172,-0.0875261729983952,-0.155064632088222,0.145365424386394,0.109345284426638,-1401.38207674293,193610
