,HD,LD,,,,HD,LD
As,1.355028165,1.229352611,,15,Europe_Non_EU,0.536429035,0.596200311
An,1.204262799,1.150830272,,11,China,0.150897503,0.190534323
xi.ss,0.00501938,-0.064102556,,17,India,-0.177214509,-0.213468695
xi.cross,0.082856126,0.088813337,,13,EU-15,-0.236777084,-0.160037772
xi.nn,-0.169875431,-0.111426939,,5,Africa_Western,-0.002950147,-0.067358392
eps1n,0.630339661,0.387118752,,1,USA,-0.294827702,-0.329587229
lambda,0.025084269,0.201227091,,29,Southeast Asia,0.075990741,-0.026908203
ks,15.38212903,15.36951514,,18,Indonesia,0.128792486,0.186631834
Pm,4.985135664,4.944989522,,2,Africa_Eastern,-0.287202702,-0.277483381
,,,,27,South Asia,0.118970753,0.075375283
iteration,219966,193665,,7,Brazil,-0.19830859,-0.199077734
,,,,21,Middle East,0.214492154,0.299516312
,,,,22,Pakistan,-0.170963683,-0.178577281
,,,,23,Russia,0.125808375,0.158561402
,,,,4,Africa_Southern,-0.031296429,-0.122485498
,,,,19,Japan,0.050347996,-0.064606661
,,,,3,Africa_Northern,0.359727238,0.494279678
,,,,20,Mexico,0.191187147,0.240730887
,,,,12,EU-12,0.073344219,0.018875586
,,,,10,Central Asia,0.175141131,0.105115925
,,,,26,South America_Southern,-0.160715256,-0.204827093
,,,,14,Europe_Eastern,-0.049794525,0.044330196
,,,,9,Central America and Caribbean,-0.453312131,-0.298573704
,,,,24,South Africa,0.347633517,0.433102234
,,,,28,South Korea,0.454446463,0.548938687
,,,,32,Colombia,-0.26937143,-0.247615194
,,,,31,Argentina,-0.201791543,-0.121962675
,,,,8,Canada,-0.299106086,-0.237115727
,,,,25,South America_Northern,-0.168159376,-0.194795556
,,,,6,Australia_NZ,-0.390344523,-0.388294112
,,,,30,Taiwan,0,0
,,,,16,European Free Trade Association,-0.28013192,-0.296374208
