bias_adder_staples,bias_adder_nonstaples,region
0.423152033,0.423706038,Africa_Eastern
0.125544747,0.286341253,Africa_Northern
0.248106443,0.347259124,Africa_Southern
0.490141174,0.425640068,Africa_Western
0.078303245,0.507839143,Argentina
0.139995851,0.353806435,Australia_NZ
0.086022308,0.86111114,Brazil
0.138973632,0.203936678,Canada
0.242910535,0.517877153,Central America and Caribbean
-0.106668923,0.597944987,Central Asia
0.056761923,0.435258836,China
0.057758092,0.64517296,Colombia
0.068534786,0.163668789,EU-12
0.094735578,0.321284814,EU-15
0.051298482,0.358575049,Europe_Eastern
-0.325690574,0.55175593,Europe_Non_EU
0.048118196,0.285344392,European Free Trade Association
0.252656268,0.28330249,India
0.385479222,0.10007241,Indonesia
-0.050921942,-0.525517519,Japan
-0.133519065,0.391779987,Mexico
-0.185917494,0.218549771,Middle East
-0.011002847,0.345862282,Pakistan
-0.026697944,0.302803967,Russia
-0.193272876,0.292660361,South Africa
-0.118027078,0.182904806,South America_Northern
0.08235462,0.250739338,South America_Southern
0.147978782,0.155062282,South Asia
-0.427341913,0.054919903,South Korea
-0.021465267,0.342286192,Southeast Asia
-0.227689205,-0.010472642,Taiwan
0.093655767,0.355134179,USA
